Filename,AliveAmpullariaGigas_Count
000191.xml,0
003498.xml,0
002786.xml,0
004491.xml,0
004485.xml,0
002792.xml,2
000185.xml,0
002962.xml,0
000813.xml,0
000807.xml,1
002976.xml,0
002745.xml,0
004334.xml,1
000152.xml,1
000634.xml,0
004452.xml,0
002023.xml,0
003329.xml,0
004446.xml,0
002037.xml,2
000620.xml,0
000146.xml,0
001258.xml,1
002751.xml,2
004320.xml,0
002989.xml,0
001270.xml,0
002779.xml,1
004308.xml,0
003467.xml,0
003301.xml,0
001516.xml,0
000608.xml,1
001502.xml,1
003315.xml,0
003473.xml,1
001264.xml,1
001933.xml,0
004693.xml,0
003842.xml,2
002584.xml,0
000393.xml,0
000387.xml,0
001099.xml,0
003856.xml,0
002590.xml,0
004687.xml,0
001927.xml,2
004877.xml,0
004863.xml,0
002221.xml,2
004888.xml,0
004650.xml,0
000436.xml,0
001728.xml,0
000350.xml,0
003659.xml,0
004136.xml,0
003881.xml,1
002547.xml,0
004122.xml,0
003895.xml,0
002553.xml,0
000344.xml,0
000422.xml,0
002235.xml,0
004644.xml,1
001714.xml,0
003103.xml,1
003665.xml,2
001072.xml,0
001066.xml,4
000378.xml,0
003671.xml,1
002209.xml,2
004678.xml,0
003117.xml,1
001700.xml,7
001847.xml,6
000581.xml,0
002396.xml,0
003088.xml,0
004081.xml,0
003936.xml,0
004095.xml,0
003922.xml,1
002382.xml,3
001853.xml,0
000595.xml,0
004903.xml,0
004917.xml,0
004724.xml,0
002355.xml,0
001884.xml,0
000542.xml,0
000224.xml,0
002433.xml,0
004042.xml,0
002427.xml,0
004056.xml,0
003739.xml,0
000230.xml,0
001648.xml,0
001890.xml,0
000556.xml,0
004730.xml,0
002341.xml,0
001660.xml,2
003077.xml,0
004718.xml,0
002369.xml,0
003711.xml,1
000218.xml,0
001106.xml,0
001112.xml,0
003705.xml,1
003063.xml,0
001674.xml,1
004283.xml,0
002194.xml,0
000783.xml,0
001489.xml,1
000797.xml,1
002180.xml,0
004297.xml,0
002816.xml,1
000967.xml,3
000973.xml,0
002802.xml,0
004240.xml,0
002631.xml,1
001338.xml,0
000026.xml,0
000740.xml,0
000998.xml,2
002157.xml,0
004526.xml,1
003249.xml,0
002143.xml,0
004532.xml,0
000754.xml,0
000032.xml,2
004254.xml,0
002625.xml,0
001304.xml,4
003513.xml,1
003275.xml,0
001462.xml,1
000768.xml,2
001476.xml,0
003261.xml,1
003507.xml,0
004268.xml,0
002619.xml,0
001310.xml,0
003260.xml,0
001477.xml,0
000769.xml,0
001311.xml,0
002618.xml,0
004269.xml,0
003506.xml,0
003512.xml,2
001305.xml,0
001463.xml,0
003274.xml,0
000755.xml,0
004533.xml,0
002142.xml,0
002624.xml,0
004255.xml,0
000033.xml,0
000027.xml,0
001339.xml,0
002630.xml,0
004241.xml,0
003248.xml,0
004527.xml,0
002156.xml,0
000999.xml,0
000741.xml,1
000972.xml,0
002803.xml,0
002817.xml,0
000966.xml,0
002181.xml,1
000796.xml,0
001488.xml,1
004296.xml,0
004282.xml,0
000782.xml,1
002195.xml,0
003704.xml,2
001113.xml,0
001675.xml,0
003062.xml,0
002368.xml,0
004719.xml,0
003076.xml,0
001661.xml,2
001107.xml,0
000219.xml,0
003710.xml,1
000231.xml,0
003738.xml,0
004057.xml,0
002426.xml,1
002340.xml,0
004731.xml,0
000557.xml,0
001891.xml,0
001649.xml,4
000543.xml,0
001885.xml,0
002354.xml,0
004725.xml,0
004043.xml,0
002432.xml,0
000225.xml,0
004916.xml,0
004902.xml,0
003923.xml,0
004094.xml,0
000594.xml,0
001852.xml,4
002383.xml,1
003089.xml,0
002397.xml,0
000580.xml,0
001846.xml,1
003937.xml,2
004080.xml,0
003670.xml,1
000379.xml,0
001067.xml,2
001701.xml,8
003116.xml,0
004679.xml,0
002208.xml,1
003102.xml,0
001715.xml,0
001073.xml,0
003664.xml,1
000345.xml,0
002552.xml,0
003894.xml,0
004123.xml,0
004645.xml,0
002234.xml,1
000423.xml,0
001729.xml,0
000437.xml,0
004651.xml,0
004889.xml,1
002220.xml,1
002546.xml,0
003880.xml,2
004137.xml,0
003658.xml,0
000351.xml,0
004862.xml,1
004876.xml,0
002591.xml,0
003857.xml,0
001098.xml,5
000386.xml,0
001926.xml,0
004686.xml,0
004692.xml,1
001932.xml,3
000392.xml,1
002585.xml,1
003843.xml,2
003314.xml,2
001503.xml,0
001265.xml,0
003472.xml,0
003466.xml,0
004309.xml,0
002778.xml,0
001271.xml,0
000609.xml,1
001517.xml,0
003300.xml,1
000621.xml,1
002036.xml,0
004447.xml,0
003328.xml,0
002988.xml,0
004321.xml,0
002750.xml,0
001259.xml,1
000147.xml,3
000153.xml,0
004335.xml,0
002744.xml,0
002022.xml,0
004453.xml,0
000635.xml,0
000806.xml,0
002977.xml,0
002963.xml,0
000812.xml,0
004484.xml,0
000184.xml,0
002793.xml,0
002787.xml,0
003499.xml,0
000190.xml,0
004490.xml,0
002949.xml,0
002791.xml,0
001298.xml,0
000186.xml,0
000838.xml,0
004486.xml,0
004492.xml,0
000192.xml,1
002785.xml,0
002975.xml,0
000804.xml,0
000810.xml,0
002961.xml,1
000145.xml,0
002752.xml,0
004323.xml,0
004445.xml,0
002034.xml,1
000623.xml,0
001529.xml,0
000637.xml,0
004451.xml,0
002020.xml,0
002746.xml,0
004337.xml,0
003458.xml,0
000151.xml,0
003470.xml,2
000179.xml,0
001267.xml,0
001501.xml,1
003316.xml,0
004479.xml,0
002008.xml,1
003302.xml,0
001515.xml,0
001273.xml,0
003464.xml,0
004684.xml,0
001924.xml,0
000384.xml,0
003855.xml,0
002593.xml,0
003841.xml,0
002587.xml,0
003699.xml,3
000390.xml,0
001930.xml,4
004690.xml,0
004848.xml,0
001918.xml,2
004860.xml,0
003869.xml,2
004874.xml,0
000421.xml,1
002236.xml,0
004647.xml,0
003128.xml,0
004121.xml,0
003896.xml,2
002550.xml,3
001059.xml,1
000347.xml,2
000353.xml,0
004135.xml,0
003882.xml,0
002544.xml,0
002222.xml,0
004653.xml,2
000435.xml,3
003114.xml,0
001703.xml,0
001065.xml,1
003672.xml,0
003666.xml,0
004109.xml,0
002578.xml,0
001071.xml,2
000409.xml,0
001717.xml,7
003100.xml,1
004928.xml,0
002381.xml,0
001850.xml,2
000596.xml,0
001688.xml,8
004096.xml,0
003921.xml,1
004082.xml,0
003935.xml,0
001844.xml,0
000582.xml,1
002395.xml,2
004914.xml,0
003909.xml,1
004900.xml,1
001878.xml,0
001893.xml,1
000555.xml,0
004733.xml,1
002342.xml,1
002424.xml,0
004055.xml,0
000233.xml,0
000227.xml,0
001139.xml,1
002430.xml,2
004041.xml,0
003048.xml,0
004727.xml,1
002356.xml,0
001887.xml,2
000541.xml,1
003060.xml,0
001677.xml,0
000569.xml,2
001111.xml,0
002418.xml,0
004069.xml,0
003706.xml,3
003712.xml,2
001105.xml,0
001663.xml,1
003074.xml,0
004294.xml,0
000794.xml,0
002183.xml,0
003289.xml,3
002197.xml,0
000958.xml,1
000780.xml,3
002829.xml,0
004280.xml,0
002801.xml,2
000970.xml,3
000964.xml,0
002815.xml,0
000031.xml,0
003538.xml,1
004257.xml,0
002626.xml,0
002140.xml,1
004531.xml,0
000757.xml,1
001449.xml,0
000743.xml,0
002154.xml,0
004525.xml,0
004243.xml,0
002632.xml,0
000025.xml,0
003504.xml,0
001313.xml,1
001475.xml,1
003262.xml,0
002168.xml,0
004519.xml,1
003276.xml,0
001461.xml,0
001307.xml,0
000019.xml,0
003510.xml,0
001460.xml,0
003277.xml,0
004518.xml,0
002169.xml,0
003511.xml,4
000018.xml,0
001306.xml,0
001312.xml,0
003505.xml,0
003263.xml,0
001474.xml,0
004524.xml,0
002155.xml,0
000742.xml,0
000024.xml,0
002633.xml,0
004242.xml,0
002627.xml,0
004256.xml,0
003539.xml,0
000030.xml,0
001448.xml,0
000756.xml,0
004530.xml,0
002141.xml,2
000965.xml,0
002814.xml,0
002800.xml,0
000971.xml,1
000781.xml,0
000959.xml,2
002196.xml,0
003288.xml,0
004281.xml,0
002828.xml,0
004295.xml,0
002182.xml,0
000795.xml,1
001104.xml,0
003713.xml,1
003075.xml,0
001662.xml,2
000568.xml,0
001676.xml,1
003061.xml,1
003707.xml,7
004068.xml,1
002419.xml,0
001110.xml,2
004040.xml,0
002431.xml,2
001138.xml,0
000226.xml,0
000540.xml,0
001886.xml,2
002357.xml,0
004726.xml,0
003049.xml,0
002343.xml,0
004732.xml,0
000554.xml,0
001892.xml,11
000232.xml,1
004054.xml,0
002425.xml,0
003908.xml,1
001879.xml,0
004901.xml,2
004915.xml,0
003934.xml,0
004083.xml,0
002394.xml,1
000583.xml,0
001845.xml,0
001689.xml,2
000597.xml,0
001851.xml,0
002380.xml,2
004929.xml,1
003920.xml,1
004097.xml,0
001070.xml,0
002579.xml,0
004108.xml,0
003667.xml,1
003101.xml,0
001716.xml,0
000408.xml,0
001702.xml,0
003115.xml,0
003673.xml,1
001064.xml,0
002545.xml,0
003883.xml,1
004134.xml,0
000352.xml,2
000434.xml,0
004652.xml,0
002223.xml,0
003129.xml,0
004646.xml,0
002237.xml,0
000420.xml,0
000346.xml,0
001058.xml,1
002551.xml,5
003897.xml,1
004120.xml,0
004875.xml,0
004861.xml,0
001919.xml,1
003868.xml,0
000391.xml,1
003698.xml,0
002586.xml,0
003840.xml,0
004849.xml,0
004691.xml,0
001931.xml,2
001925.xml,1
004685.xml,0
002592.xml,4
003854.xml,2
000385.xml,0
001514.xml,0
003303.xml,0
003465.xml,0
001272.xml,1
001266.xml,0
000178.xml,0
003471.xml,0
002009.xml,0
004478.xml,0
003317.xml,0
001500.xml,0
002021.xml,1
004450.xml,1
000636.xml,0
001528.xml,1
000150.xml,1
003459.xml,0
004336.xml,0
002747.xml,0
004322.xml,0
002753.xml,0
000144.xml,0
000622.xml,1
002035.xml,0
004444.xml,0
000811.xml,0
002960.xml,0
002974.xml,0
000805.xml,0
004493.xml,0
002784.xml,2
000193.xml,2
000187.xml,0
001299.xml,0
002790.xml,0
002948.xml,0
004487.xml,0
000839.xml,0
000801.xml,1
002970.xml,0
002964.xml,0
000815.xml,0
004483.xml,0
002794.xml,1
000183.xml,0
001289.xml,0
000197.xml,0
002958.xml,1
002780.xml,1
004497.xml,0
000829.xml,0
001504.xml,0
003313.xml,0
003475.xml,1
001262.xml,2
000168.xml,0
001276.xml,1
003461.xml,0
004468.xml,0
003307.xml,0
002019.xml,0
001510.xml,0
004440.xml,0
002031.xml,3
001538.xml,0
000626.xml,0
000140.xml,0
002757.xml,0
003449.xml,0
004326.xml,0
002743.xml,0
004332.xml,0
000154.xml,0
000632.xml,0
004454.xml,0
002025.xml,0
004865.xml,0
004871.xml,1
001909.xml,3
003878.xml,2
000381.xml,0
002596.xml,0
003850.xml,1
003688.xml,1
004681.xml,0
004859.xml,0
001921.xml,3
001935.xml,0
004695.xml,0
002582.xml,6
003844.xml,2
000395.xml,0
001060.xml,0
004118.xml,0
003677.xml,1
002569.xml,0
003111.xml,0
000418.xml,0
001706.xml,0
001712.xml,10
003105.xml,0
003663.xml,0
001074.xml,0
004124.xml,0
002555.xml,0
003893.xml,1
000342.xml,1
000424.xml,0
002233.xml,0
004642.xml,1
002227.xml,2
003139.xml,0
004656.xml,0
000430.xml,0
001048.xml,0
000356.xml,0
004130.xml,0
002541.xml,1
003887.xml,3
003918.xml,0
001869.xml,6
004911.xml,0
004905.xml,0
004093.xml,0
003924.xml,0
002384.xml,0
000593.xml,0
001855.xml,0
000587.xml,0
001841.xml,6
001699.xml,2
004939.xml,0
002390.xml,0
004087.xml,0
003930.xml,1
001114.xml,0
003703.xml,3
003065.xml,0
001672.xml,1
001666.xml,0
000578.xml,0
003071.xml,1
002409.xml,0
003717.xml,2
004078.xml,0
001100.xml,2
002421.xml,2
004050.xml,0
000236.xml,0
001128.xml,1
000550.xml,0
001896.xml,0
004736.xml,0
003059.xml,0
002347.xml,0
004722.xml,1
002353.xml,0
000544.xml,0
001882.xml,3
000222.xml,0
002435.xml,0
004044.xml,0
000975.xml,0
002804.xml,0
002810.xml,0
000961.xml,4
000949.xml,0
000791.xml,2
003298.xml,0
002186.xml,0
002838.xml,0
004291.xml,0
004285.xml,0
002192.xml,0
000785.xml,0
001470.xml,0
002179.xml,0
003267.xml,0
004508.xml,0
003501.xml,2
001316.xml,0
000008.xml,2
001302.xml,2
003515.xml,1
003273.xml,0
001464.xml,0
002145.xml,0
004534.xml,0
000752.xml,0
000034.xml,0
004252.xml,0
002623.xml,0
004246.xml,0
003529.xml,0
002637.xml,0
000020.xml,2
000746.xml,0
001458.xml,4
002151.xml,1
004520.xml,0
000021.xml,0
002636.xml,0
003528.xml,1
004247.xml,0
004521.xml,0
002150.xml,0
001459.xml,0
000747.xml,0
000753.xml,0
004535.xml,0
002144.xml,0
002622.xml,0
004253.xml,0
000035.xml,0
003514.xml,0
001303.xml,0
001465.xml,0
003272.xml,0
004509.xml,1
003266.xml,0
002178.xml,0
001471.xml,0
000009.xml,0
001317.xml,0
003500.xml,0
004284.xml,0
000784.xml,0
002193.xml,0
002187.xml,0
003299.xml,0
000790.xml,0
000948.xml,0
004290.xml,0
002839.xml,2
002811.xml,2
000960.xml,2
000974.xml,0
002805.xml,0
001883.xml,0
000545.xml,0
002352.xml,1
004723.xml,0
004045.xml,0
002434.xml,0
000223.xml,0
001129.xml,0
000237.xml,0
004051.xml,0
002420.xml,0
002346.xml,0
003058.xml,0
004737.xml,2
001897.xml,0
000551.xml,2
003070.xml,0
000579.xml,0
001667.xml,0
001101.xml,1
004079.xml,2
003716.xml,1
002408.xml,3
003702.xml,0
001115.xml,0
001673.xml,1
003064.xml,0
002391.xml,0
004938.xml,0
001698.xml,8
001840.xml,3
000586.xml,0
003931.xml,0
004086.xml,0
003925.xml,3
004092.xml,0
001854.xml,0
000592.xml,1
002385.xml,0
004904.xml,0
003919.xml,0
004910.xml,0
001868.xml,0
000431.xml,2
004657.xml,1
003138.xml,0
002226.xml,0
003886.xml,0
002540.xml,0
004131.xml,0
000357.xml,1
001049.xml,0
000343.xml,0
003892.xml,3
002554.xml,0
004125.xml,0
004643.xml,2
002232.xml,2
000425.xml,0
003104.xml,1
001713.xml,0
001075.xml,0
003662.xml,0
002568.xml,0
003676.xml,1
004119.xml,0
001061.xml,2
001707.xml,1
000419.xml,0
003110.xml,1
004694.xml,0
001934.xml,3
000394.xml,0
003845.xml,0
002583.xml,0
003689.xml,1
003851.xml,1
002597.xml,0
000380.xml,1
001920.xml,4
004858.xml,0
004680.xml,0
001908.xml,0
004870.xml,0
003879.xml,1
004864.xml,0
000155.xml,0
004333.xml,0
002742.xml,2
002024.xml,0
004455.xml,0
000633.xml,1
000627.xml,0
001539.xml,1
002030.xml,2
004441.xml,0
004327.xml,0
003448.xml,0
002756.xml,0
000141.xml,0
003460.xml,0
001277.xml,0
000169.xml,0
001511.xml,1
002018.xml,0
003306.xml,0
004469.xml,0
003312.xml,0
001505.xml,0
001263.xml,0
003474.xml,0
002781.xml,0
002959.xml,0
000196.xml,0
001288.xml,0
000828.xml,1
004496.xml,0
004482.xml,0
000182.xml,1
002795.xml,0
002965.xml,0
000814.xml,1
000800.xml,0
002971.xml,1
000816.xml,2
002967.xml,0
002973.xml,0
000802.xml,1
004494.xml,0
000194.xml,0
002783.xml,0
003489.xml,0
002797.xml,0
000180.xml,0
004480.xml,1
003304.xml,1
001513.xml,0
001275.xml,0
003462.xml,1
002768.xml,0
003476.xml,0
004319.xml,0
001261.xml,0
001507.xml,0
000619.xml,2
003310.xml,0
000631.xml,3
004457.xml,0
003338.xml,0
002026.xml,0
002740.xml,1
004331.xml,0
002998.xml,0
000157.xml,0
001249.xml,0
000143.xml,0
002754.xml,0
004325.xml,0
004443.xml,0
002032.xml,0
000625.xml,0
004872.xml,0
004866.xml,0
002581.xml,0
003847.xml,0
000396.xml,0
001088.xml,7
001936.xml,1
004696.xml,0
004682.xml,1
001922.xml,0
000382.xml,1
002595.xml,0
003853.xml,1
003660.xml,1
001077.xml,2
000369.xml,1
001711.xml,6
002218.xml,0
003106.xml,0
004669.xml,0
003112.xml,0
001705.xml,2
001063.xml,1
003674.xml,2
000355.xml,0
004133.xml,0
002542.xml,0
003884.xml,1
002224.xml,0
004655.xml,0
000433.xml,0
000427.xml,0
001739.xml,0
002230.xml,0
004899.xml,0
004641.xml,0
004127.xml,0
003648.xml,1
002556.xml,0
003890.xml,0
000341.xml,0
004906.xml,0
004912.xml,0
004084.xml,0
003933.xml,1
000584.xml,0
001842.xml,0
002393.xml,0
002387.xml,0
003099.xml,0
000590.xml,0
001856.xml,5
004090.xml,0
003927.xml,1
003714.xml,1
001103.xml,0
001665.xml,0
003072.xml,0
004709.xml,1
003066.xml,0
002378.xml,0
001671.xml,1
000209.xml,0
001117.xml,0
003700.xml,1
000221.xml,1
002436.xml,1
003728.xml,0
004047.xml,0
004721.xml,0
002350.xml,1
001659.xml,0
000547.xml,0
001881.xml,1
000553.xml,0
001895.xml,1
004735.xml,0
002344.xml,0
002422.xml,0
004053.xml,0
000235.xml,0
000962.xml,2
002813.xml,0
002807.xml,0
000976.xml,0
002191.xml,1
001498.xml,0
000786.xml,0
004286.xml,0
004292.xml,0
000792.xml,0
002185.xml,0
003270.xml,0
000779.xml,0
001467.xml,0
001301.xml,2
004279.xml,3
003516.xml,0
002608.xml,0
003502.xml,0
001315.xml,1
001473.xml,0
003264.xml,0
000745.xml,0
002152.xml,0
004523.xml,1
004245.xml,0
002634.xml,0
000023.xml,0
001329.xml,0
000037.xml,0
004251.xml,0
002620.xml,0
002146.xml,0
003258.xml,0
004537.xml,0
000751.xml,2
000989.xml,0
002621.xml,1
004250.xml,0
000036.xml,2
001328.xml,0
000988.xml,0
000750.xml,0
004536.xml,0
003259.xml,0
002147.xml,0
004522.xml,0
002153.xml,1
000744.xml,0
000022.xml,3
002635.xml,0
004244.xml,0
001314.xml,0
003503.xml,0
003265.xml,0
001472.xml,2
001466.xml,0
000778.xml,0
003271.xml,4
002609.xml,0
003517.xml,0
004278.xml,0
001300.xml,0
004293.xml,0
002184.xml,0
000793.xml,0
000787.xml,0
001499.xml,0
002190.xml,0
004287.xml,0
002806.xml,0
000977.xml,0
000963.xml,0
002812.xml,0
002345.xml,0
004734.xml,0
001894.xml,0
000552.xml,0
000234.xml,0
004052.xml,0
002423.xml,0
004046.xml,0
003729.xml,1
002437.xml,0
000220.xml,0
001880.xml,2
000546.xml,0
001658.xml,0
002351.xml,0
004720.xml,0
001670.xml,0
002379.xml,0
003067.xml,0
004708.xml,0
003701.xml,2
001116.xml,0
000208.xml,0
001102.xml,0
003715.xml,1
003073.xml,0
001664.xml,2
001857.xml,0
000591.xml,1
003098.xml,0
002386.xml,1
003926.xml,1
004091.xml,0
003932.xml,2
004085.xml,0
002392.xml,2
001843.xml,0
000585.xml,0
004913.xml,0
004907.xml,0
004640.xml,0
004898.xml,1
002231.xml,1
001738.xml,2
000426.xml,0
000340.xml,0
003891.xml,0
002557.xml,0
003649.xml,1
004126.xml,0
003885.xml,0
002543.xml,0
004132.xml,0
000354.xml,0
000432.xml,0
004654.xml,0
002225.xml,0
001704.xml,6
003113.xml,0
003675.xml,1
001062.xml,0
000368.xml,0
001076.xml,0
003661.xml,0
004668.xml,0
003107.xml,0
002219.xml,0
001710.xml,3
001923.xml,0
004683.xml,0
003852.xml,1
002594.xml,0
000383.xml,0
001089.xml,0
000397.xml,0
003846.xml,0
002580.xml,1
004697.xml,1
001937.xml,2
004867.xml,0
004873.xml,1
004324.xml,0
002755.xml,0
000142.xml,1
000624.xml,0
002033.xml,0
004442.xml,0
002027.xml,0
003339.xml,0
004456.xml,0
000630.xml,0
001248.xml,1
000156.xml,0
002999.xml,0
004330.xml,0
002741.xml,0
001260.xml,0
004318.xml,0
003477.xml,0
002769.xml,0
003311.xml,0
000618.xml,0
001506.xml,0
001512.xml,0
003305.xml,0
003463.xml,0
001274.xml,0
000181.xml,0
002796.xml,0
003488.xml,0
004481.xml,0
004495.xml,0
002782.xml,1
000195.xml,0
002972.xml,1
000803.xml,1
000817.xml,1
002966.xml,0
000694.xml,0
002083.xml,0
004394.xml,0
002929.xml,0
004380.xml,0
002097.xml,0
003389.xml,0
000680.xml,0
000858.xml,1
000870.xml,0
002901.xml,2
002915.xml,0
000864.xml,0
004431.xml,0
002040.xml,0
001549.xml,0
000657.xml,0
000131.xml,0
002726.xml,0
004357.xml,0
003438.xml,0
002732.xml,0
004343.xml,0
000125.xml,0
000643.xml,0
004425.xml,0
002054.xml,0
001575.xml,0
003362.xml,5
003404.xml,0
001213.xml,3
000119.xml,0
001207.xml,1
003410.xml,0
003376.xml,0
004419.xml,0
002068.xml,0
001561.xml,0
003821.xml,2
004196.xml,0
004828.xml,0
002281.xml,0
001788.xml,4
000496.xml,0
001950.xml,0
000482.xml,2
001944.xml,1
002295.xml,0
003835.xml,0
004182.xml,0
004814.xml,1
004800.xml,0
001978.xml,1
003809.xml,2
004155.xml,0
002524.xml,0
000333.xml,0
000455.xml,0
001993.xml,0
002242.xml,1
004633.xml,1
002256.xml,0
004627.xml,0
003148.xml,1
000441.xml,3
001987.xml,0
001039.xml,0
000327.xml,0
004141.xml,0
002530.xml,0
001011.xml,1
003606.xml,1
004169.xml,0
002518.xml,0
003160.xml,0
000469.xml,2
001777.xml,0
001763.xml,13
003174.xml,0
003612.xml,1
001005.xml,0
000284.xml,0
002493.xml,1
003955.xml,0
004784.xml,0
001824.xml,0
001830.xml,1
004948.xml,0
004790.xml,1
003799.xml,0
002487.xml,0
003941.xml,0
000290.xml,0
003969.xml,1
001818.xml,0
004960.xml,0
004974.xml,1
002450.xml,2
003996.xml,0
004021.xml,0
000247.xml,4
001159.xml,0
000521.xml,2
003028.xml,0
004747.xml,1
002336.xml,0
004753.xml,0
002322.xml,1
000535.xml,0
000253.xml,0
002444.xml,0
003982.xml,0
004035.xml,0
001165.xml,0
003772.xml,0
003014.xml,0
001603.xml,0
001617.xml,0
000509.xml,0
003000.xml,1
002478.xml,0
004009.xml,0
003766.xml,1
001171.xml,0
000938.xml,2
004586.xml,0
002691.xml,0
002849.xml,0
000086.xml,0
001398.xml,0
000092.xml,4
002685.xml,0
004592.xml,0
000904.xml,0
002875.xml,0
002861.xml,2
000910.xml,0
002134.xml,1
004545.xml,0
000723.xml,0
000045.xml,0
004223.xml,1
002652.xml,0
003558.xml,0
004237.xml,0
002646.xml,0
000051.xml,0
000737.xml,0
001429.xml,0
002120.xml,2
004551.xml,0
001401.xml,1
002108.xml,0
004579.xml,0
003216.xml,0
003570.xml,1
001367.xml,0
000079.xml,0
001373.xml,2
003564.xml,1
003202.xml,0
001415.xml,0
003565.xml,1
001372.xml,1
001414.xml,0
003203.xml,0
003217.xml,0
004578.xml,0
002109.xml,0
001400.xml,0
000078.xml,0
001366.xml,0
003571.xml,1
000050.xml,0
002647.xml,0
004236.xml,0
003559.xml,0
004550.xml,1
002121.xml,0
001428.xml,2
000736.xml,0
000722.xml,0
004544.xml,0
002135.xml,0
002653.xml,0
004222.xml,0
000044.xml,0
002860.xml,0
000911.xml,1
000905.xml,0
002874.xml,0
002684.xml,0
000093.xml,0
004593.xml,0
004587.xml,0
000939.xml,1
001399.xml,0
000087.xml,0
002848.xml,0
002690.xml,0
003001.xml,0
000508.xml,0
001616.xml,0
001170.xml,1
003767.xml,1
004008.xml,0
002479.xml,0
003773.xml,0
001164.xml,0
001602.xml,0
003015.xml,0
000534.xml,0
002323.xml,0
004752.xml,0
004034.xml,0
003983.xml,2
002445.xml,0
000252.xml,1
001158.xml,0
000246.xml,0
004020.xml,0
003997.xml,0
002451.xml,0
002337.xml,2
004746.xml,0
003029.xml,0
000520.xml,0
004975.xml,1
003968.xml,0
004961.xml,0
001819.xml,0
004791.xml,0
004949.xml,0
001831.xml,3
000291.xml,0
003940.xml,0
002486.xml,0
003798.xml,1
003954.xml,1
002492.xml,1
000285.xml,0
001825.xml,0
004785.xml,0
003175.xml,0
001762.xml,0
001004.xml,0
003613.xml,0
002519.xml,0
004168.xml,1
003607.xml,1
001010.xml,2
001776.xml,0
000468.xml,0
003161.xml,1
001986.xml,2
000440.xml,1
003149.xml,0
004626.xml,0
002257.xml,1
002531.xml,6
004140.xml,0
000326.xml,0
001038.xml,0
000332.xml,0
002525.xml,0
004154.xml,0
004632.xml,0
002243.xml,0
001992.xml,0
000454.xml,0
001979.xml,0
004801.xml,2
003808.xml,1
004815.xml,0
002294.xml,0
001945.xml,3
000483.xml,0
004183.xml,0
003834.xml,0
004197.xml,0
003820.xml,0
001951.xml,3
000497.xml,0
001789.xml,0
002280.xml,1
004829.xml,0
003411.xml,1
001206.xml,0
000118.xml,3
001560.xml,0
002069.xml,0
004418.xml,0
003377.xml,0
003363.xml,0
001574.xml,1
001212.xml,3
003405.xml,0
000124.xml,0
004342.xml,0
002733.xml,0
002055.xml,0
004424.xml,0
000642.xml,1
000656.xml,0
001548.xml,0
002041.xml,1
004430.xml,0
003439.xml,0
004356.xml,0
002727.xml,1
000130.xml,0
002914.xml,0
000865.xml,0
000871.xml,1
002900.xml,0
004381.xml,0
002928.xml,0
000859.xml,2
000681.xml,0
003388.xml,0
002096.xml,0
002082.xml,0
000695.xml,0
004395.xml,0
002094.xml,1
000683.xml,0
004383.xml,0
004397.xml,0
000697.xml,0
001589.xml,0
002080.xml,2
000867.xml,8
002916.xml,0
002902.xml,0
000873.xml,0
000898.xml,0
000640.xml,0
003349.xml,0
004426.xml,0
002057.xml,0
002731.xml,0
004340.xml,0
000126.xml,0
001238.xml,0
000132.xml,0
002725.xml,0
004354.xml,0
004432.xml,0
002043.xml,0
000654.xml,0
003375.xml,1
001562.xml,2
001204.xml,0
003413.xml,0
002719.xml,0
004368.xml,0
003407.xml,0
001210.xml,2
001576.xml,0
000668.xml,0
003361.xml,0
003836.xml,1
004181.xml,0
000481.xml,0
001947.xml,0
003188.xml,0
002296.xml,0
002282.xml,4
000495.xml,0
001953.xml,0
003822.xml,1
004195.xml,0
004803.xml,0
004817.xml,0
000324.xml,0
004142.xml,0
002533.xml,1
002255.xml,0
004624.xml,1
000442.xml,0
001984.xml,0
000456.xml,0
001990.xml,0
001748.xml,0
002241.xml,0
004630.xml,0
003639.xml,2
004156.xml,0
002527.xml,0
000330.xml,0
003611.xml,1
001006.xml,0
000318.xml,0
001760.xml,20
002269.xml,0
004618.xml,0
003177.xml,0
003163.xml,0
001774.xml,15
001012.xml,0
003605.xml,1
002484.xml,1
003942.xml,2
000293.xml,0
001833.xml,0
004793.xml,0
004787.xml,0
001827.xml,1
001199.xml,5
000287.xml,0
002490.xml,0
003956.xml,0
004977.xml,0
004963.xml,0
000250.xml,0
002447.xml,1
003981.xml,0
004036.xml,0
003759.xml,1
004750.xml,1
002321.xml,5
004988.xml,3
001628.xml,0
000536.xml,0
000522.xml,0
004744.xml,0
002335.xml,0
002453.xml,0
003995.xml,0
004022.xml,0
000244.xml,1
003765.xml,2
001172.xml,4
001614.xml,0
003003.xml,0
003017.xml,0
004778.xml,0
002309.xml,0
001600.xml,2
000278.xml,0
001166.xml,0
003771.xml,1
004591.xml,1
000091.xml,0
002686.xml,0
003598.xml,1
002692.xml,1
000085.xml,0
004585.xml,0
000913.xml,0
002862.xml,0
002876.xml,0
000907.xml,0
000734.xml,0
002123.xml,0
004552.xml,0
004234.xml,0
002645.xml,0
000052.xml,0
001358.xml,2
000046.xml,0
004220.xml,0
002889.xml,0
002651.xml,1
002137.xml,0
004546.xml,0
003229.xml,0
000720.xml,0
003201.xml,1
000708.xml,0
001416.xml,0
001370.xml,0
003567.xml,1
004208.xml,0
002679.xml,0
003573.xml,1
001364.xml,0
001402.xml,0
003215.xml,0
001365.xml,2
003572.xml,1
003214.xml,0
001403.xml,0
001417.xml,0
000709.xml,1
003200.xml,1
002678.xml,0
004209.xml,0
003566.xml,1
001371.xml,0
002650.xml,0
002888.xml,0
004221.xml,0
000047.xml,0
001359.xml,0
000721.xml,2
003228.xml,0
004547.xml,0
002136.xml,0
004553.xml,0
002122.xml,0
000735.xml,0
000053.xml,0
002644.xml,0
004235.xml,0
002877.xml,0
000906.xml,0
000912.xml,0
002863.xml,0
000084.xml,0
002693.xml,0
004584.xml,1
004590.xml,0
003599.xml,1
002687.xml,0
000090.xml,1
001601.xml,1
002308.xml,0
004779.xml,0
003016.xml,0
003770.xml,0
001167.xml,6
000279.xml,0
001173.xml,3
003764.xml,3
003002.xml,0
001615.xml,0
002334.xml,0
004745.xml,0
000523.xml,1
000245.xml,0
004023.xml,0
003994.xml,0
002452.xml,1
003758.xml,1
004037.xml,0
003980.xml,1
002446.xml,0
000251.xml,0
000537.xml,2
001629.xml,0
004989.xml,0
002320.xml,1
004751.xml,0
004962.xml,1
004976.xml,0
001826.xml,0
004786.xml,1
003957.xml,0
002491.xml,0
000286.xml,0
001198.xml,2
000292.xml,2
003943.xml,1
002485.xml,0
004792.xml,1
001832.xml,3
001775.xml,8
003162.xml,1
003604.xml,1
001013.xml,0
000319.xml,1
001007.xml,0
003610.xml,1
003176.xml,1
004619.xml,0
002268.xml,0
001761.xml,7
004631.xml,0
002240.xml,0
001749.xml,3
001991.xml,0
000457.xml,0
000331.xml,1
002526.xml,0
004157.xml,0
003638.xml,3
002532.xml,1
004143.xml,0
000325.xml,0
001985.xml,0
000443.xml,0
004625.xml,0
002254.xml,0
004816.xml,0
004802.xml,0
001952.xml,3
000494.xml,0
002283.xml,1
004194.xml,0
003823.xml,2
004180.xml,0
003837.xml,1
002297.xml,0
003189.xml,0
001946.xml,1
000480.xml,3
001211.xml,1
003406.xml,0
004369.xml,0
002718.xml,0
003360.xml,0
000669.xml,0
001577.xml,0
001563.xml,2
003374.xml,1
003412.xml,0
001205.xml,0
004355.xml,0
002724.xml,0
000133.xml,0
000655.xml,0
002042.xml,0
004433.xml,0
002056.xml,0
004427.xml,0
003348.xml,0
000641.xml,3
000899.xml,0
001239.xml,0
000127.xml,0
004341.xml,0
002730.xml,0
002903.xml,0
000872.xml,0
000866.xml,0
002917.xml,0
004396.xml,0
002081.xml,4
001588.xml,2
000696.xml,0
000682.xml,1
002095.xml,0
004382.xml,0
002913.xml,0
000862.xml,0
000876.xml,0
002907.xml,0
004386.xml,0
002091.xml,2
000686.xml,0
001598.xml,1
000692.xml,1
002085.xml,0
004392.xml,0
001201.xml,1
002708.xml,0
003416.xml,0
004379.xml,1
003370.xml,0
001567.xml,0
000679.xml,1
001573.xml,0
003364.xml,0
003402.xml,0
001215.xml,0
002734.xml,0
004345.xml,0
000123.xml,0
000645.xml,1
004423.xml,0
002052.xml,0
004437.xml,0
003358.xml,0
002046.xml,0
000889.xml,0
000651.xml,4
000137.xml,0
001229.xml,0
002720.xml,0
004351.xml,0
004806.xml,0
004812.xml,0
001942.xml,1
000484.xml,0
002293.xml,0
003833.xml,0
004184.xml,0
003827.xml,2
004190.xml,0
003199.xml,0
002287.xml,0
001956.xml,0
000490.xml,1
001765.xml,6
003172.xml,4
003614.xml,1
001003.xml,1
001017.xml,1
000309.xml,0
003600.xml,1
002278.xml,0
003166.xml,1
004609.xml,0
001771.xml,17
002250.xml,0
004621.xml,0
001981.xml,2
000447.xml,0
001759.xml,0
000321.xml,2
004147.xml,0
003628.xml,0
002536.xml,0
004153.xml,0
002522.xml,1
000335.xml,0
001995.xml,0
000453.xml,5
002244.xml,0
004635.xml,0
004972.xml,0
004966.xml,0
001836.xml,0
004796.xml,0
003947.xml,0
002481.xml,0
001188.xml,3
000296.xml,0
000282.xml,2
003953.xml,2
002495.xml,0
004782.xml,0
001822.xml,2
001611.xml,2
004769.xml,0
003006.xml,0
002318.xml,0
003760.xml,0
000269.xml,0
001177.xml,5
001163.xml,0
003774.xml,1
003012.xml,0
001605.xml,0
004755.xml,1
002324.xml,1
000533.xml,0
000255.xml,0
003984.xml,3
002442.xml,0
004033.xml,0
003990.xml,0
002456.xml,0
003748.xml,1
004027.xml,0
000241.xml,0
001639.xml,2
000527.xml,0
004741.xml,0
002330.xml,0
004999.xml,2
002867.xml,0
000916.xml,0
000902.xml,0
002873.xml,0
000094.xml,0
002683.xml,0
004594.xml,1
004580.xml,0
002697.xml,2
003589.xml,2
000080.xml,0
001375.xml,0
003562.xml,0
003204.xml,1
001413.xml,0
000719.xml,0
001407.xml,0
003210.xml,0
004219.xml,0
003576.xml,1
002668.xml,0
001361.xml,0
004231.xml,0
002898.xml,0
002640.xml,0
001349.xml,0
000057.xml,0
000731.xml,1
002126.xml,1
003238.xml,0
004557.xml,1
002132.xml,0
004543.xml,0
000725.xml,0
000043.xml,0
004225.xml,0
002654.xml,0
000724.xml,0
004542.xml,1
002133.xml,0
002655.xml,0
004224.xml,0
000042.xml,2
000056.xml,0
001348.xml,0
002641.xml,2
002899.xml,0
004230.xml,0
004556.xml,0
003239.xml,0
002127.xml,0
000730.xml,0
003211.xml,0
001406.xml,0
000718.xml,1
001360.xml,0
002669.xml,0
003577.xml,1
004218.xml,0
003563.xml,0
001374.xml,0
001412.xml,0
003205.xml,0
004581.xml,0
000081.xml,0
003588.xml,2
002696.xml,0
002682.xml,2
000095.xml,0
004595.xml,0
000903.xml,0
002872.xml,0
002866.xml,0
000917.xml,0
000240.xml,0
004026.xml,0
003749.xml,1
002457.xml,0
003991.xml,4
004998.xml,0
002331.xml,2
004740.xml,0
000526.xml,0
001638.xml,2
000532.xml,0
002325.xml,0
004754.xml,0
004032.xml,0
002443.xml,0
003985.xml,2
000254.xml,0
003775.xml,3
001162.xml,2
001604.xml,0
003013.xml,0
002319.xml,0
003007.xml,0
004768.xml,0
001610.xml,0
001176.xml,5
000268.xml,2
003761.xml,4
002494.xml,0
003952.xml,1
000283.xml,0
001823.xml,0
004783.xml,1
004797.xml,0
001837.xml,0
000297.xml,0
001189.xml,3
002480.xml,1
003946.xml,0
004967.xml,0
004973.xml,0
000334.xml,0
002523.xml,0
004152.xml,0
004634.xml,0
002245.xml,0
000452.xml,1
001994.xml,0
001758.xml,0
000446.xml,0
001980.xml,0
004620.xml,0
002251.xml,0
002537.xml,0
003629.xml,1
004146.xml,0
000320.xml,0
003601.xml,1
000308.xml,0
001016.xml,0
001770.xml,1
004608.xml,0
003167.xml,6
002279.xml,0
003173.xml,0
001764.xml,9
001002.xml,0
003615.xml,1
004191.xml,0
003826.xml,3
000491.xml,2
001957.xml,0
002286.xml,0
003198.xml,0
002292.xml,6
000485.xml,0
001943.xml,0
004185.xml,0
003832.xml,0
004813.xml,0
004807.xml,0
000650.xml,0
000888.xml,0
002047.xml,1
003359.xml,0
004436.xml,0
004350.xml,0
002721.xml,1
001228.xml,0
000136.xml,0
000122.xml,1
004344.xml,0
002735.xml,0
002053.xml,0
004422.xml,0
000644.xml,0
003365.xml,1
001572.xml,4
001214.xml,0
003403.xml,0
004378.xml,0
003417.xml,0
002709.xml,0
001200.xml,1
000678.xml,2
001566.xml,0
003371.xml,0
002084.xml,0
000693.xml,0
004393.xml,0
004387.xml,0
001599.xml,0
000687.xml,0
002090.xml,0
000877.xml,0
002906.xml,0
002912.xml,0
000863.xml,0
002904.xml,0
000875.xml,0
000861.xml,1
002910.xml,0
002938.xml,2
004391.xml,0
000691.xml,0
000849.xml,1
002086.xml,0
003398.xml,0
002092.xml,4
000685.xml,0
004385.xml,0
003401.xml,1
000108.xml,0
001216.xml,0
001570.xml,0
004408.xml,0
003367.xml,0
002079.xml,0
003373.xml,0
001564.xml,0
001202.xml,0
003415.xml,0
000134.xml,1
002723.xml,0
004352.xml,0
004434.xml,0
002045.xml,0
000652.xml,0
001558.xml,0
000646.xml,0
004420.xml,0
002051.xml,5
002737.xml,0
003429.xml,0
004346.xml,0
000120.xml,1
001969.xml,0
004811.xml,0
003818.xml,0
004805.xml,1
002284.xml,0
001955.xml,0
000493.xml,0
003824.xml,0
004193.xml,0
003830.xml,0
004187.xml,0
001799.xml,0
001941.xml,4
000487.xml,1
004839.xml,0
002290.xml,1
003165.xml,0
001772.xml,5
001014.xml,0
003603.xml,1
004178.xml,0
003617.xml,1
002509.xml,0
001000.xml,1
000478.xml,0
001766.xml,0
003171.xml,0
001996.xml,1
000450.xml,1
002247.xml,0
003159.xml,0
004636.xml,0
004150.xml,0
002521.xml,6
001028.xml,0
000336.xml,1
000322.xml,1
004144.xml,0
002535.xml,0
002253.xml,0
004622.xml,0
001982.xml,1
000444.xml,3
004965.xml,1
003978.xml,0
004971.xml,0
001809.xml,0
004959.xml,0
004781.xml,0
001821.xml,3
000281.xml,0
003788.xml,1
003950.xml,0
002496.xml,0
003944.xml,0
002482.xml,1
000295.xml,0
001835.xml,0
004795.xml,0
003011.xml,1
001606.xml,0
000518.xml,0
001160.xml,0
002469.xml,0
003777.xml,1
004018.xml,0
003763.xml,1
001174.xml,0
001612.xml,0
003005.xml,0
000524.xml,0
004742.xml,0
002333.xml,0
003993.xml,0
002455.xml,0
004024.xml,0
000242.xml,1
000256.xml,0
001148.xml,0
003987.xml,4
002441.xml,1
004030.xml,0
004756.xml,0
003039.xml,0
002327.xml,0
000530.xml,1
002870.xml,0
000901.xml,2
000915.xml,2
002864.xml,0
002694.xml,0
000083.xml,1
004583.xml,0
004597.xml,0
000929.xml,1
000097.xml,8
001389.xml,0
002680.xml,1
002858.xml,0
003575.xml,1
001362.xml,2
001404.xml,0
003213.xml,0
002119.xml,0
003207.xml,0
004568.xml,3
001410.xml,1
001376.xml,0
000068.xml,0
003561.xml,0
000040.xml,0
004226.xml,0
003549.xml,1
002657.xml,0
002131.xml,1
004540.xml,0
000726.xml,0
001438.xml,1
000732.xml,0
002125.xml,0
004554.xml,0
004232.xml,0
002643.xml,2
000054.xml,0
004555.xml,0
002124.xml,1
000733.xml,0
000055.xml,1
002642.xml,0
004233.xml,0
002656.xml,0
003548.xml,1
004227.xml,0
000041.xml,0
001439.xml,0
000727.xml,0
004541.xml,0
002130.xml,0
001411.xml,1
004569.xml,1
003206.xml,0
002118.xml,0
003560.xml,0
000069.xml,0
001377.xml,0
001363.xml,0
003574.xml,2
003212.xml,0
001405.xml,0
000928.xml,0
004596.xml,0
002859.xml,0
002681.xml,1
001388.xml,0
000096.xml,0
000082.xml,0
002695.xml,0
004582.xml,0
000914.xml,0
002865.xml,0
002871.xml,2
000900.xml,1
004031.xml,0
002440.xml,0
003986.xml,1
001149.xml,0
000257.xml,0
000531.xml,1
002326.xml,1
003038.xml,2
004757.xml,1
002332.xml,3
004743.xml,0
000525.xml,0
000243.xml,0
004025.xml,0
002454.xml,0
003992.xml,1
001175.xml,2
003762.xml,3
003004.xml,0
001613.xml,1
000519.xml,0
001607.xml,0
003010.xml,0
004019.xml,0
003776.xml,1
002468.xml,0
001161.xml,0
000294.xml,0
002483.xml,0
003945.xml,0
004794.xml,0
001834.xml,0
001820.xml,3
004780.xml,4
004958.xml,1
002497.xml,0
003951.xml,0
003789.xml,3
000280.xml,0
003979.xml,3
001808.xml,1
004970.xml,0
004964.xml,0
002534.xml,2
004145.xml,0
000323.xml,0
000445.xml,1
001983.xml,0
004623.xml,0
002252.xml,1
004637.xml,0
003158.xml,0
002246.xml,1
000451.xml,0
001997.xml,1
000337.xml,0
001029.xml,0
002520.xml,0
004151.xml,0
001001.xml,0
002508.xml,0
003616.xml,1
004179.xml,1
003170.xml,0
001767.xml,0
000479.xml,0
001773.xml,1
003164.xml,0
003602.xml,0
001015.xml,0
004186.xml,0
003831.xml,0
002291.xml,1
004838.xml,0
000486.xml,0
001940.xml,0
001798.xml,0
000492.xml,3
001954.xml,0
002285.xml,0
004192.xml,0
003825.xml,1
004804.xml,0
004810.xml,1
001968.xml,0
003819.xml,0
002050.xml,1
004421.xml,0
000647.xml,0
001559.xml,0
000121.xml,8
004347.xml,0
003428.xml,0
002736.xml,1
004353.xml,0
002722.xml,0
000135.xml,0
000653.xml,0
002044.xml,0
004435.xml,0
001565.xml,0
003372.xml,0
003414.xml,0
001203.xml,0
001217.xml,0
000109.xml,0
003400.xml,1
002078.xml,0
003366.xml,0
004409.xml,0
001571.xml,3
000684.xml,0
002093.xml,0
004384.xml,0
004390.xml,0
002939.xml,0
003399.xml,0
002087.xml,0
000848.xml,0
000690.xml,1
000860.xml,0
002911.xml,1
002905.xml,0
000874.xml,0
002908.xml,0
000879.xml,9
000689.xml,0
001597.xml,1
000851.xml,1
003380.xml,1
004389.xml,0
002920.xml,0
002934.xml,0
003394.xml,0
001583.xml,0
000845.xml,0
001568.xml,4
000676.xml,0
004410.xml,0
002061.xml,0
002707.xml,0
004376.xml,0
003419.xml,0
000110.xml,0
000104.xml,0
002713.xml,0
004362.xml,0
004404.xml,0
002075.xml,0
000662.xml,0
003343.xml,0
001554.xml,1
000892.xml,2
001232.xml,1
003425.xml,1
003431.xml,0
000138.xml,0
001226.xml,0
001540.xml,0
000886.xml,0
003357.xml,0
004438.xml,0
002049.xml,0
003800.xml,1
001971.xml,1
004809.xml,0
001965.xml,0
003814.xml,0
003182.xml,0
004835.xml,0
001795.xml,0
001781.xml,5
001959.xml,5
003196.xml,0
002288.xml,2
004821.xml,0
003828.xml,0
000312.xml,0
004174.xml,0
002505.xml,0
002263.xml,0
004612.xml,1
000474.xml,0
000460.xml,5
002277.xml,0
004606.xml,0
003169.xml,6
004160.xml,0
002511.xml,2
001018.xml,2
000306.xml,0
003627.xml,0
004148.xml,0
002539.xml,0
001030.xml,0
000448.xml,0
001756.xml,1
003141.xml,2
003155.xml,1
001742.xml,13
001024.xml,2
003633.xml,1
003974.xml,0
001805.xml,0
004969.xml,0
001811.xml,2
003960.xml,0
001187.xml,1
000299.xml,0
003790.xml,1
003948.xml,2
004941.xml,1
004799.xml,1
001839.xml,2
004955.xml,1
003784.xml,0
001193.xml,1
000266.xml,0
001178.xml,3
002471.xml,0
004000.xml,0
003009.xml,0
004766.xml,0
002317.xml,0
000500.xml,1
000514.xml,0
004772.xml,0
002303.xml,2
002465.xml,0
004014.xml,0
000272.xml,1
003753.xml,1
001144.xml,0
001622.xml,3
003035.xml,0
004982.xml,0
003021.xml,1
004996.xml,2
001636.xml,5
000528.xml,1
001150.xml,0
002459.xml,0
004028.xml,0
003747.xml,1
000919.xml,0
002868.xml,0
000925.xml,3
003592.xml,3
002854.xml,1
001385.xml,0
001391.xml,1
002698.xml,0
003586.xml,1
002840.xml,0
000931.xml,0
000702.xml,2
002115.xml,1
004564.xml,0
004202.xml,0
002673.xml,0
000064.xml,0
000070.xml,0
003579.xml,1
004216.xml,0
002667.xml,0
002101.xml,0
004570.xml,0
000716.xml,0
001408.xml,0
002129.xml,0
004558.xml,0
003237.xml,0
001420.xml,0
001346.xml,0
000058.xml,1
003551.xml,1
002897.xml,0
003545.xml,0
002883.xml,0
001352.xml,1
001434.xml,0
003223.xml,0
001353.xml,0
002882.xml,0
003544.xml,1
003222.xml,0
001435.xml,0
001421.xml,2
003236.xml,0
004559.xml,0
002128.xml,1
002896.xml,0
003550.xml,1
000059.xml,0
001347.xml,2
002666.xml,0
004217.xml,0
003578.xml,1
000071.xml,1
001409.xml,0
000717.xml,0
004571.xml,0
002100.xml,1
004565.xml,1
002114.xml,0
000703.xml,0
000065.xml,0
002672.xml,1
004203.xml,0
002841.xml,2
003587.xml,1
002699.xml,0
001390.xml,0
000930.xml,1
000924.xml,0
001384.xml,0
002855.xml,0
003593.xml,3
000918.xml,2
002869.xml,0
000529.xml,0
001637.xml,0
004997.xml,0
003020.xml,1
003746.xml,0
004029.xml,0
002458.xml,0
001151.xml,0
001145.xml,0
003752.xml,0
004983.xml,0
003034.xml,0
001623.xml,1
002302.xml,0
004773.xml,1
000515.xml,0
000273.xml,0
004015.xml,0
002464.xml,0
004001.xml,1
002470.xml,0
001179.xml,2
000267.xml,0
000501.xml,2
002316.xml,0
004767.xml,0
003008.xml,0
004954.xml,0
001192.xml,1
003785.xml,0
003949.xml,0
003791.xml,0
000298.xml,0
001186.xml,0
001838.xml,0
004798.xml,1
004940.xml,0
001810.xml,3
004968.xml,0
003961.xml,3
003975.xml,0
001804.xml,0
001743.xml,1
003154.xml,3
003632.xml,2
001025.xml,1
001031.xml,1
002538.xml,0
004149.xml,0
003626.xml,0
003140.xml,3
001757.xml,0
000449.xml,2
003168.xml,1
004607.xml,0
002276.xml,1
000461.xml,0
000307.xml,0
001019.xml,0
002510.xml,0
004161.xml,0
002504.xml,0
004175.xml,0
000313.xml,0
000475.xml,0
004613.xml,0
002262.xml,1
004820.xml,0
002289.xml,1
003197.xml,1
001958.xml,0
001780.xml,0
003829.xml,1
001794.xml,0
004834.xml,0
003183.xml,0
001964.xml,0
003815.xml,0
003801.xml,3
004808.xml,0
001970.xml,0
001227.xml,1
000139.xml,0
003430.xml,0
002048.xml,0
004439.xml,0
003356.xml,2
000887.xml,4
001541.xml,0
000893.xml,0
001555.xml,0
003342.xml,1
003424.xml,0
001233.xml,0
004363.xml,0
002712.xml,0
000105.xml,0
000663.xml,0
002074.xml,0
004405.xml,0
002060.xml,2
004411.xml,0
000677.xml,0
001569.xml,0
000111.xml,9
003418.xml,1
004377.xml,0
002706.xml,0
002935.xml,0
000844.xml,0
001582.xml,3
003395.xml,2
003381.xml,1
000850.xml,0
001596.xml,0
000688.xml,0
002921.xml,2
004388.xml,0
002909.xml,0
000878.xml,1
002089.xml,0
003397.xml,0
001580.xml,1
000846.xml,4
002937.xml,0
002923.xml,0
001594.xml,0
000852.xml,0
003383.xml,0
003368.xml,0
004407.xml,0
002076.xml,0
000661.xml,3
000107.xml,11
001219.xml,4
002710.xml,0
004361.xml,0
002704.xml,0
004375.xml,0
000113.xml,1
000675.xml,0
004413.xml,0
002062.xml,0
001543.xml,1
000885.xml,0
003354.xml,0
003432.xml,0
001225.xml,0
001231.xml,0
002738.xml,1
004349.xml,0
003426.xml,2
003340.xml,0
001557.xml,0
000891.xml,0
000649.xml,0
003817.xml,2
001966.xml,0
001972.xml,0
003803.xml,0
001782.xml,18
003195.xml,0
004822.xml,0
003181.xml,2
004836.xml,0
001796.xml,0
000488.xml,0
004188.xml,0
004163.xml,0
002512.xml,0
000305.xml,0
000463.xml,0
002274.xml,0
004605.xml,0
002260.xml,0
004611.xml,0
000477.xml,0
001769.xml,0
000311.xml,2
003618.xml,1
004177.xml,0
002506.xml,0
001027.xml,0
000339.xml,0
003630.xml,4
002248.xml,0
004639.xml,0
003156.xml,0
001999.xml,2
001741.xml,8
001755.xml,3
003142.xml,5
003624.xml,0
001033.xml,0
003963.xml,1
001812.xml,0
001806.xml,0
003977.xml,0
003787.xml,1
002499.xml,1
001190.xml,0
004956.xml,2
004942.xml,1
001184.xml,0
003793.xml,2
002466.xml,0
004017.xml,0
003778.xml,0
000271.xml,0
001609.xml,0
000517.xml,0
004771.xml,0
002300.xml,3
004765.xml,1
002314.xml,0
000503.xml,0
000265.xml,0
002472.xml,1
004003.xml,1
001153.xml,0
003744.xml,0
003022.xml,0
004995.xml,1
001635.xml,1
001621.xml,1
003036.xml,0
004759.xml,0
004981.xml,1
002328.xml,0
003988.xml,2
003750.xml,0
000259.xml,0
001147.xml,6
000932.xml,1
001392.xml,1
003585.xml,3
002843.xml,0
003591.xml,0
002857.xml,0
000098.xml,1
001386.xml,1
000926.xml,3
004598.xml,0
002102.xml,0
004573.xml,0
000715.xml,0
000073.xml,0
004215.xml,0
002664.xml,0
004201.xml,0
002670.xml,0
001379.xml,0
000067.xml,0
000701.xml,2
002116.xml,0
004567.xml,0
003208.xml,0
000729.xml,1
001437.xml,0
003220.xml,1
003546.xml,0
002880.xml,0
004229.xml,0
002658.xml,0
001351.xml,0
001345.xml,0
003552.xml,1
002894.xml,0
003234.xml,0
001423.xml,0
002895.xml,0
003553.xml,1
001344.xml,0
001422.xml,0
003235.xml,1
003221.xml,0
001436.xml,0
000728.xml,2
001350.xml,0
002659.xml,0
004228.xml,0
002881.xml,2
003547.xml,1
000066.xml,0
001378.xml,0
002671.xml,0
004200.xml,0
003209.xml,1
004566.xml,0
002117.xml,0
000700.xml,0
000714.xml,0
004572.xml,0
002103.xml,0
002665.xml,0
004214.xml,0
000072.xml,5
001387.xml,0
000099.xml,0
002856.xml,0
003590.xml,3
004599.xml,0
000927.xml,0
000933.xml,0
002842.xml,0
003584.xml,0
001393.xml,0
002329.xml,0
004980.xml,5
004758.xml,0
003037.xml,2
001620.xml,1
001146.xml,0
000258.xml,0
003751.xml,0
003989.xml,1
003745.xml,1
001152.xml,1
001634.xml,0
004994.xml,0
003023.xml,0
000502.xml,3
002315.xml,0
004764.xml,0
004002.xml,0
002473.xml,0
000264.xml,0
000270.xml,1
003779.xml,1
004016.xml,0
002467.xml,0
002301.xml,4
004770.xml,0
000516.xml,0
001608.xml,2
004943.xml,1
003792.xml,3
001185.xml,0
001191.xml,2
002498.xml,0
003786.xml,1
004957.xml,0
001807.xml,3
003976.xml,1
003962.xml,0
001813.xml,1
003143.xml,0
001754.xml,0
001032.xml,0
003625.xml,2
003631.xml,0
000338.xml,0
001026.xml,0
001740.xml,7
001998.xml,0
003157.xml,0
004638.xml,0
002249.xml,0
001768.xml,0
000476.xml,0
004610.xml,0
002261.xml,0
002507.xml,0
004176.xml,0
003619.xml,1
000310.xml,0
000304.xml,0
002513.xml,0
004162.xml,0
004604.xml,1
002275.xml,2
000462.xml,1
000489.xml,0
001797.xml,1
004837.xml,0
003180.xml,0
004189.xml,0
004823.xml,0
003194.xml,1
001783.xml,14
001973.xml,0
003802.xml,1
003816.xml,1
001967.xml,0
003427.xml,0
004348.xml,0
002739.xml,0
001230.xml,0
000648.xml,0
000890.xml,0
001556.xml,0
003341.xml,0
003355.xml,0
000884.xml,0
001542.xml,1
001224.xml,0
003433.xml,0
000112.xml,4
004374.xml,0
002705.xml,0
002063.xml,0
004412.xml,0
000674.xml,0
000660.xml,0
002077.xml,0
004406.xml,0
003369.xml,0
004360.xml,0
002711.xml,3
001218.xml,3
000106.xml,0
002922.xml,0
003382.xml,2
000853.xml,0
001595.xml,0
000847.xml,0
001581.xml,1
003396.xml,0
002088.xml,0
002936.xml,0
002932.xml,0
003392.xml,3
000843.xml,0
001585.xml,0
000857.xml,1
001591.xml,0
002098.xml,0
003386.xml,0
002926.xml,0
002729.xml,0
003437.xml,0
004358.xml,0
001220.xml,0
000880.xml,3
001546.xml,0
000658.xml,0
003351.xml,0
003345.xml,0
000894.xml,0
001552.xml,0
001234.xml,0
003423.xml,1
000102.xml,0
002715.xml,0
004364.xml,0
004402.xml,0
002073.xml,1
000664.xml,0
000670.xml,0
004416.xml,0
003379.xml,0
002067.xml,0
002701.xml,1
004370.xml,0
000116.xml,0
001208.xml,2
001787.xml,1
000499.xml,0
003190.xml,0
004827.xml,0
004199.xml,0
003184.xml,0
004833.xml,1
001793.xml,0
001963.xml,0
003812.xml,0
003806.xml,1
001977.xml,0
003153.xml,1
001744.xml,1
001022.xml,0
003635.xml,1
003621.xml,0
001036.xml,0
000328.xml,0
001988.xml,0
001750.xml,0
002259.xml,3
003147.xml,0
004628.xml,0
000466.xml,0
001778.xml,0
002271.xml,0
004600.xml,0
004166.xml,0
003609.xml,1
002517.xml,0
000300.xml,0
000314.xml,0
004172.xml,0
002503.xml,0
002265.xml,0
004614.xml,1
000472.xml,1
004953.xml,0
003782.xml,1
001195.xml,0
001181.xml,0
003796.xml,1
002488.xml,0
004947.xml,0
001817.xml,1
003966.xml,1
003972.xml,2
001803.xml,0
004748.xml,0
003027.xml,1
004990.xml,5
002339.xml,0
001630.xml,0
000248.xml,0
001156.xml,0
003999.xml,0
003741.xml,2
003755.xml,1
001142.xml,2
001624.xml,2
003033.xml,0
004984.xml,0
000512.xml,0
004774.xml,0
002305.xml,0
002463.xml,0
004012.xml,0
000274.xml,0
000260.xml,1
002477.xml,0
003769.xml,1
004006.xml,3
004760.xml,1
002311.xml,4
001618.xml,0
000506.xml,2
000089.xml,9
001397.xml,1
002846.xml,1
003580.xml,1
004589.xml,0
000937.xml,3
000923.xml,0
002852.xml,0
003594.xml,1
001383.xml,0
002885.xml,0
003543.xml,0
001354.xml,0
001432.xml,0
003225.xml,0
003231.xml,1
000738.xml,2
001426.xml,0
001340.xml,0
002891.xml,0
004238.xml,0
003557.xml,0
002649.xml,1
001368.xml,0
000076.xml,0
004210.xml,0
002661.xml,1
002107.xml,1
003219.xml,0
004576.xml,0
000710.xml,0
000704.xml,0
002113.xml,0
004562.xml,1
004204.xml,0
002675.xml,1
000062.xml,1
004563.xml,0
002112.xml,1
000705.xml,0
000063.xml,0
002674.xml,1
004205.xml,0
002660.xml,0
004211.xml,0
000077.xml,0
001369.xml,0
000711.xml,1
004577.xml,0
003218.xml,0
002106.xml,0
001427.xml,1
000739.xml,0
003230.xml,0
002648.xml,0
003556.xml,0
004239.xml,0
002890.xml,0
001341.xml,0
001355.xml,0
003542.xml,1
002884.xml,0
003224.xml,2
001433.xml,0
000922.xml,0
001382.xml,3
003595.xml,1
002853.xml,0
003581.xml,2
002847.xml,0
001396.xml,0
000088.xml,0
000936.xml,0
004588.xml,0
004007.xml,0
003768.xml,1
002476.xml,0
000261.xml,0
000507.xml,0
001619.xml,0
002310.xml,1
004761.xml,0
002304.xml,0
004775.xml,1
000513.xml,1
000275.xml,0
004013.xml,0
002462.xml,3
001143.xml,1
003754.xml,1
004985.xml,3
003032.xml,1
001625.xml,4
001631.xml,1
002338.xml,0
004991.xml,1
003026.xml,0
004749.xml,1
003740.xml,0
003998.xml,0
001157.xml,0
000249.xml,0
003973.xml,2
001802.xml,0
001816.xml,1
003967.xml,1
002489.xml,0
003797.xml,1
001180.xml,3
004946.xml,0
004952.xml,0
001194.xml,0
003783.xml,1
002502.xml,1
004173.xml,0
000315.xml,0
000473.xml,0
004615.xml,0
002264.xml,0
004601.xml,0
002270.xml,0
001779.xml,0
000467.xml,0
000301.xml,1
002516.xml,0
003608.xml,1
004167.xml,0
000329.xml,3
001037.xml,0
003620.xml,0
004629.xml,0
003146.xml,1
002258.xml,0
001751.xml,0
001989.xml,2
001745.xml,3
003152.xml,0
003634.xml,5
001023.xml,0
003807.xml,0
001976.xml,0
001962.xml,0
003813.xml,0
001792.xml,5
004832.xml,0
003185.xml,0
004826.xml,0
003191.xml,1
000498.xml,0
001786.xml,2
004198.xml,0
002066.xml,3
003378.xml,0
004417.xml,0
000671.xml,0
001209.xml,5
000117.xml,0
004371.xml,0
002700.xml,0
004365.xml,0
002714.xml,0
000103.xml,4
000665.xml,0
002072.xml,1
004403.xml,0
001553.xml,0
000895.xml,0
003344.xml,0
003422.xml,0
001235.xml,0
001221.xml,0
004359.xml,0
003436.xml,0
002728.xml,0
003350.xml,0
000659.xml,0
001547.xml,0
000881.xml,2
003387.xml,0
002099.xml,0
001590.xml,0
000856.xml,0
002927.xml,0
002933.xml,0
001584.xml,0
000842.xml,0
003393.xml,0
002925.xml,0
000854.xml,0
001592.xml,4
003385.xml,0
003391.xml,1
000698.xml,1
000840.xml,0
001586.xml,0
004398.xml,0
002931.xml,1
002919.xml,0
000868.xml,0
000129.xml,2
001237.xml,1
003420.xml,1
004429.xml,0
003346.xml,0
002058.xml,0
000897.xml,0
001551.xml,0
000883.xml,1
001545.xml,0
003352.xml,0
003434.xml,1
001223.xml,2
002702.xml,0
004373.xml,0
000115.xml,0
000673.xml,0
004415.xml,0
002064.xml,0
004401.xml,0
002070.xml,0
001579.xml,0
000667.xml,3
000101.xml,9
002716.xml,0
003408.xml,0
004367.xml,0
003187.xml,0
002299.xml,0
004830.xml,0
001790.xml,0
001948.xml,1
003839.xml,0
001784.xml,1
003193.xml,0
004824.xml,2
001974.xml,0
003805.xml,1
003811.xml,1
004818.xml,0
001960.xml,0
001753.xml,12
003144.xml,0
003622.xml,1
001035.xml,0
001021.xml,1
004159.xml,0
003636.xml,0
002528.xml,0
003150.xml,2
000459.xml,0
001747.xml,0
002266.xml,0
003178.xml,0
004617.xml,1
000471.xml,0
001009.xml,0
000317.xml,0
004171.xml,0
002500.xml,0
004165.xml,0
002514.xml,0
000303.xml,0
000465.xml,1
002272.xml,2
004603.xml,0
004944.xml,0
001182.xml,1
003795.xml,1
003781.xml,2
003959.xml,0
001196.xml,0
000288.xml,0
001828.xml,0
004950.xml,1
004788.xml,0
001800.xml,2
004978.xml,0
003971.xml,0
003965.xml,1
001814.xml,0
001627.xml,0
000539.xml,0
003030.xml,2
004987.xml,0
002448.xml,1
003756.xml,2
004039.xml,0
001141.xml,0
001155.xml,0
003742.xml,1
003024.xml,0
004993.xml,0
001633.xml,0
004763.xml,0
002312.xml,0
000505.xml,0
000263.xml,1
002474.xml,0
004005.xml,0
002460.xml,0
004011.xml,0
000277.xml,0
001169.xml,3
000511.xml,2
004777.xml,1
003018.xml,0
002306.xml,0
002689.xml,0
002851.xml,2
003597.xml,1
001380.xml,1
000920.xml,0
000934.xml,0
001394.xml,0
002845.xml,0
003583.xml,2
000908.xml,0
002879.xml,1
001343.xml,0
002892.xml,1
003554.xml,1
003232.xml,0
001425.xml,0
001431.xml,1
002138.xml,1
003226.xml,0
004549.xml,1
002886.xml,1
003540.xml,0
001357.xml,0
000049.xml,0
004207.xml,0
003568.xml,1
002676.xml,0
000061.xml,1
000707.xml,0
001419.xml,0
002110.xml,1
004561.xml,0
002104.xml,0
004575.xml,0
000713.xml,0
000075.xml,1
004213.xml,0
002662.xml,0
000712.xml,1
004574.xml,0
002105.xml,0
002663.xml,0
004212.xml,0
000074.xml,0
000060.xml,7
002677.xml,0
003569.xml,0
004206.xml,0
004560.xml,1
002111.xml,0
001418.xml,0
000706.xml,0
004548.xml,0
003227.xml,0
002139.xml,0
001430.xml,0
000048.xml,0
001356.xml,0
003541.xml,2
002887.xml,0
003555.xml,1
002893.xml,0
001342.xml,1
001424.xml,0
003233.xml,0
000909.xml,2
002878.xml,0
000935.xml,2
003582.xml,2
002844.xml,0
001395.xml,0
001381.xml,2
003596.xml,1
002850.xml,0
002688.xml,1
000921.xml,1
001168.xml,7
000276.xml,0
004010.xml,0
002461.xml,0
002307.xml,1
003019.xml,0
004776.xml,1
000510.xml,0
000504.xml,0
002313.xml,2
004762.xml,0
004004.xml,1
002475.xml,0
000262.xml,1
003743.xml,1
001154.xml,0
001632.xml,1
004992.xml,0
003025.xml,0
004986.xml,0
003031.xml,0
000538.xml,0
001626.xml,0
001140.xml,1
004038.xml,0
003757.xml,0
002449.xml,0
003964.xml,0
001815.xml,1
004979.xml,0
001801.xml,3
003970.xml,0
000289.xml,0
001197.xml,5
003958.xml,0
003780.xml,1
004789.xml,0
004951.xml,0
001829.xml,0
004945.xml,0
003794.xml,1
001183.xml,2
000302.xml,0
002515.xml,0
004164.xml,0
004602.xml,0
002273.xml,0
000464.xml,0
000470.xml,1
004616.xml,0
003179.xml,1
002267.xml,0
002501.xml,1
004170.xml,0
000316.xml,0
001008.xml,0
002529.xml,0
003637.xml,2
004158.xml,0
001020.xml,0
001746.xml,1
000458.xml,0
003151.xml,4
003145.xml,0
001752.xml,10
001034.xml,0
003623.xml,1
003810.xml,1
001961.xml,1
004819.xml,0
001975.xml,0
003804.xml,1
004825.xml,0
003192.xml,0
001785.xml,8
001949.xml,4
001791.xml,0
004831.xml,0
002298.xml,0
003186.xml,0
003838.xml,0
000666.xml,1
001578.xml,1
002071.xml,3
004400.xml,0
004366.xml,0
003409.xml,0
002717.xml,0
000100.xml,0
000114.xml,1
004372.xml,0
002703.xml,0
002065.xml,0
004414.xml,0
000672.xml,1
003353.xml,0
001544.xml,2
000882.xml,0
001222.xml,0
003435.xml,0
003421.xml,1
001236.xml,0
000128.xml,0
001550.xml,1
000896.xml,0
002059.xml,0
003347.xml,0
004428.xml,0
002918.xml,0
000869.xml,0
001587.xml,0
000841.xml,1
000699.xml,0
003390.xml,0
002930.xml,0
004399.xml,0
002924.xml,0
003384.xml,0
001593.xml,0
000855.xml,0
001292.xml,4
002943.xml,0
003485.xml,0
000832.xml,0
000826.xml,0
004498.xml,0
002957.xml,0
003491.xml,0
001286.xml,0
000198.xml,0
000173.xml,0
002764.xml,1
004315.xml,0
004473.xml,0
002002.xml,0
000615.xml,0
000601.xml,1
003308.xml,0
004467.xml,0
002016.xml,0
002770.xml,0
004301.xml,0
000167.xml,0
001279.xml,0
002758.xml,1
002980.xml,1
004329.xml,0
003446.xml,0
001251.xml,0
001537.xml,0
000629.xml,2
003320.xml,0
003334.xml,0
001523.xml,1
001245.xml,0
002994.xml,1
003452.xml,1
001912.xml,0
003863.xml,1
003877.xml,1
001906.xml,0
004856.xml,0
002599.xml,0
003687.xml,0
001090.xml,1
001084.xml,0
003693.xml,0
004842.xml,0
000417.xml,0
001709.xml,4
002200.xml,1
004671.xml,0
003678.xml,1
004117.xml,0
002566.xml,0
000371.xml,0
000365.xml,0
004103.xml,0
002572.xml,2
002214.xml,0
004665.xml,2
000403.xml,1
004895.xml,0
003122.xml,0
001735.xml,0
001053.xml,0
003644.xml,2
003650.xml,0
003888.xml,1
001047.xml,0
000359.xml,0
001721.xml,8
004881.xml,0
002228.xml,0
004659.xml,0
003136.xml,0
001866.xml,0
003917.xml,2
003903.xml,1
001872.xml,10
001682.xml,11
004922.xml,1
003095.xml,0
004088.xml,0
004936.xml,0
003081.xml,1
000588.xml,0
001696.xml,5
000563.xml,0
004705.xml,0
002374.xml,0
002412.xml,0
004063.xml,0
000205.xml,0
000211.xml,1
002406.xml,0
004077.xml,0
003718.xml,1
004711.xml,0
002360.xml,0
001669.xml,0
000577.xml,0
003056.xml,0
004739.xml,0
002348.xml,0
001641.xml,12
001899.xml,3
000239.xml,0
001127.xml,0
003730.xml,2
003724.xml,0
001133.xml,0
001655.xml,0
003042.xml,1
002837.xml,0
003297.xml,0
002189.xml,0
000946.xml,0
001480.xml,2
000952.xml,0
001494.xml,0
003283.xml,1
002823.xml,1
001319.xml,0
000007.xml,0
004261.xml,0
002610.xml,0
002176.xml,0
004507.xml,0
003268.xml,0
000761.xml,1
000775.xml,1
002162.xml,0
004513.xml,0
004275.xml,0
002604.xml,0
000013.xml,0
003532.xml,0
001325.xml,0
000985.xml,0
001443.xml,0
003254.xml,0
003240.xml,0
000749.xml,0
000991.xml,1
001457.xml,0
001331.xml,1
003526.xml,0
004249.xml,0
002638.xml,0
001456.xml,0
000990.xml,1
000748.xml,0
003241.xml,1
002639.xml,0
004248.xml,0
003527.xml,1
001330.xml,0
001324.xml,1
003533.xml,0
003255.xml,0
001442.xml,0
000984.xml,0
004512.xml,5
002163.xml,0
000774.xml,0
000012.xml,2
002605.xml,0
004274.xml,0
002611.xml,2
004260.xml,0
000006.xml,0
001318.xml,5
000760.xml,0
003269.xml,0
004506.xml,1
002177.xml,0
003282.xml,0
001495.xml,0
000953.xml,0
002822.xml,0
002836.xml,0
001481.xml,0
000947.xml,3
002188.xml,0
003296.xml,0
001132.xml,7
003725.xml,0
003043.xml,0
001654.xml,1
001898.xml,1
001640.xml,1
002349.xml,0
004738.xml,0
003057.xml,0
003731.xml,1
001126.xml,0
000238.xml,0
003719.xml,0
004076.xml,0
002407.xml,1
000210.xml,0
000576.xml,0
001668.xml,0
002361.xml,1
004710.xml,0
002375.xml,0
004704.xml,0
000562.xml,1
000204.xml,0
004062.xml,0
002413.xml,0
004089.xml,0
001697.xml,4
000589.xml,0
003080.xml,0
004937.xml,0
003094.xml,0
004923.xml,0
001683.xml,2
003902.xml,1
001873.xml,0
001867.xml,4
003916.xml,1
000358.xml,1
001046.xml,0
003889.xml,0
003651.xml,1
003137.xml,0
004658.xml,0
002229.xml,0
004880.xml,1
001720.xml,11
001734.xml,1
003123.xml,0
004894.xml,0
003645.xml,1
001052.xml,0
002573.xml,0
004102.xml,0
000364.xml,0
000402.xml,0
004664.xml,0
002215.xml,0
004670.xml,0
002201.xml,1
001708.xml,6
000416.xml,0
000370.xml,0
002567.xml,0
004116.xml,0
003679.xml,1
003692.xml,0
001085.xml,0
004843.xml,1
004857.xml,0
001091.xml,3
003686.xml,0
002598.xml,0
003876.xml,5
001907.xml,3
001913.xml,0
003862.xml,0
001522.xml,0
003335.xml,0
003453.xml,0
002995.xml,0
001244.xml,1
001250.xml,1
003447.xml,0
004328.xml,0
002981.xml,0
002759.xml,0
003321.xml,0
000628.xml,0
001536.xml,0
002017.xml,1
004466.xml,0
003309.xml,0
000600.xml,0
001278.xml,0
000166.xml,0
004300.xml,0
002771.xml,1
004314.xml,0
002765.xml,0
000172.xml,1
000614.xml,0
002003.xml,1
004472.xml,0
004499.xml,1
000827.xml,0
000199.xml,0
001287.xml,0
003490.xml,0
002956.xml,0
003484.xml,0
002942.xml,0
001293.xml,0
000833.xml,1
002968.xml,0
000819.xml,0
002954.xml,0
003492.xml,1
001285.xml,1
000825.xml,0
000831.xml,3
001291.xml,3
002940.xml,0
003486.xml,0
002798.xml,1
002773.xml,0
004302.xml,0
000164.xml,0
000602.xml,3
004464.xml,0
002015.xml,0
004470.xml,1
002001.xml,0
001508.xml,1
000616.xml,0
000170.xml,0
002767.xml,0
004316.xml,0
003479.xml,0
000158.xml,0
001246.xml,0
002997.xml,0
003451.xml,0
003337.xml,0
004458.xml,0
002029.xml,0
001520.xml,0
001534.xml,0
003323.xml,0
002983.xml,0
003445.xml,0
001252.xml,3
001905.xml,0
003874.xml,1
003860.xml,1
004869.xml,0
001911.xml,0
004699.xml,0
004841.xml,0
001939.xml,0
000399.xml,0
001087.xml,1
003848.xml,0
003690.xml,2
003684.xml,1
001093.xml,0
004855.xml,0
002217.xml,0
004666.xml,0
003109.xml,0
000400.xml,0
001078.xml,2
000366.xml,0
004100.xml,0
002571.xml,0
004114.xml,0
002565.xml,0
000372.xml,1
000414.xml,0
002203.xml,0
004672.xml,1
001722.xml,5
004882.xml,0
003135.xml,0
003653.xml,0
001044.xml,2
001050.xml,0
003647.xml,1
004128.xml,0
002559.xml,0
004896.xml,0
003121.xml,2
000428.xml,2
001736.xml,9
001871.xml,10
004909.xml,1
003900.xml,0
003914.xml,3
001865.xml,0
004935.xml,0
003082.xml,0
001695.xml,1
003928.xml,0
001859.xml,0
001681.xml,0
002388.xml,0
004921.xml,0
003096.xml,0
004712.xml,0
002363.xml,0
000574.xml,0
000212.xml,0
002405.xml,1
004074.xml,0
002411.xml,5
004060.xml,0
000206.xml,0
001118.xml,2
000560.xml,0
003069.xml,0
004706.xml,0
002377.xml,0
001656.xml,0
000548.xml,0
003041.xml,3
002439.xml,0
004048.xml,0
003727.xml,5
001130.xml,2
001124.xml,0
003733.xml,3
003055.xml,0
001642.xml,2
000979.xml,0
002808.xml,0
004289.xml,0
002820.xml,4
000951.xml,0
001497.xml,0
000789.xml,0
003280.xml,0
003294.xml,0
000945.xml,0
001483.xml,0
002834.xml,0
003519.xml,0
004276.xml,0
002607.xml,0
000010.xml,0
000776.xml,0
001468.xml,0
002161.xml,0
004510.xml,1
002175.xml,0
004504.xml,0
000762.xml,0
000004.xml,5
004262.xml,0
002613.xml,1
001332.xml,1
003525.xml,2
003243.xml,0
000992.xml,1
001454.xml,0
000986.xml,0
001440.xml,1
002149.xml,0
004538.xml,0
003257.xml,0
003531.xml,1
001326.xml,0
000038.xml,0
003256.xml,0
004539.xml,1
002148.xml,0
001441.xml,2
000987.xml,6
000039.xml,1
001327.xml,1
003530.xml,0
003524.xml,0
001333.xml,0
001455.xml,0
000993.xml,0
003242.xml,0
000763.xml,0
004505.xml,0
002174.xml,0
002612.xml,0
004263.xml,0
000005.xml,0
000011.xml,6
002606.xml,0
004277.xml,0
003518.xml,0
004511.xml,0
002160.xml,0
001469.xml,3
000777.xml,0
001482.xml,2
000944.xml,0
003295.xml,0
002835.xml,0
002821.xml,4
004288.xml,0
003281.xml,1
000788.xml,0
001496.xml,0
000950.xml,0
000978.xml,0
002809.xml,0
003732.xml,1
001125.xml,0
001643.xml,0
003054.xml,0
003040.xml,0
000549.xml,1
001657.xml,0
001131.xml,1
003726.xml,0
004049.xml,0
002438.xml,1
001119.xml,1
000207.xml,0
004061.xml,0
002410.xml,0
002376.xml,0
004707.xml,0
003068.xml,0
000561.xml,0
000575.xml,0
002362.xml,1
004713.xml,0
004075.xml,0
002404.xml,0
000213.xml,1
003929.xml,1
003097.xml,0
004920.xml,1
002389.xml,0
001680.xml,0
001858.xml,1
001694.xml,7
003083.xml,0
004934.xml,0
003915.xml,1
001864.xml,1
004908.xml,0
001870.xml,0
003901.xml,0
002558.xml,0
004129.xml,0
003646.xml,1
001051.xml,4
001737.xml,4
000429.xml,0
003120.xml,0
004897.xml,0
003134.xml,0
004883.xml,0
001723.xml,0
001045.xml,0
003652.xml,1
000373.xml,0
002564.xml,0
004115.xml,0
004673.xml,0
002202.xml,0
000415.xml,0
000401.xml,0
003108.xml,0
004667.xml,0
002216.xml,0
002570.xml,0
004101.xml,0
000367.xml,0
001079.xml,5
001092.xml,0
003685.xml,4
004854.xml,0
001938.xml,4
004840.xml,0
004698.xml,0
003691.xml,0
003849.xml,0
001086.xml,0
000398.xml,0
003861.xml,1
001910.xml,2
004868.xml,0
001904.xml,1
003875.xml,1
003322.xml,1
001535.xml,0
001253.xml,1
003444.xml,1
002982.xml,1
003450.xml,0
002996.xml,0
001247.xml,2
000159.xml,0
001521.xml,2
002028.xml,0
004459.xml,0
003336.xml,0
000617.xml,0
001509.xml,0
002000.xml,3
004471.xml,0
003478.xml,0
004317.xml,0
002766.xml,0
000171.xml,0
000165.xml,0
004303.xml,0
002772.xml,0
002014.xml,0
004465.xml,0
000603.xml,0
000830.xml,0
002799.xml,0
003487.xml,0
002941.xml,1
001290.xml,0
001284.xml,0
003493.xml,0
002955.xml,0
000824.xml,1
002969.xml,1
000818.xml,1
000820.xml,0
003497.xml,0
002951.xml,1
002789.xml,0
001280.xml,1
001294.xml,0
003483.xml,0
002945.xml,0
000834.xml,0
002979.xml,1
000808.xml,0
003332.xml,0
001525.xml,0
001243.xml,1
003454.xml,0
002992.xml,0
003440.xml,2
002986.xml,0
000149.xml,0
001257.xml,0
001531.xml,1
004449.xml,0
003326.xml,0
002038.xml,2
001519.xml,0
000607.xml,0
004461.xml,0
002010.xml,0
002776.xml,0
003468.xml,0
004307.xml,0
000161.xml,0
000175.xml,0
002762.xml,0
004313.xml,0
004475.xml,0
002004.xml,0
000613.xml,1
001082.xml,0
003695.xml,2
004844.xml,0
001928.xml,0
004688.xml,1
004850.xml,0
003859.xml,2
003681.xml,1
000388.xml,0
001096.xml,2
003871.xml,1
001900.xml,0
004878.xml,0
001914.xml,1
003865.xml,1
004139.xml,0
003656.xml,0
002548.xml,1
001041.xml,4
000439.xml,1
001727.xml,0
004887.xml,0
003130.xml,0
004893.xml,0
003124.xml,0
001733.xml,0
001055.xml,0
003642.xml,1
000363.xml,0
004105.xml,0
002574.xml,0
002212.xml,0
004663.xml,0
000405.xml,1
000411.xml,1
002206.xml,0
003118.xml,0
004677.xml,0
004111.xml,0
002560.xml,0
001069.xml,0
000377.xml,0
003939.xml,2
002399.xml,0
004930.xml,0
003087.xml,0
001848.xml,0
001690.xml,2
001684.xml,5
004924.xml,1
003093.xml,0
003905.xml,0
001874.xml,0
004918.xml,0
001860.xml,6
003911.xml,2
003722.xml,0
001135.xml,0
001653.xml,0
003044.xml,0
003050.xml,0
001647.xml,0
000559.xml,0
001121.xml,0
002428.xml,0
003736.xml,5
004059.xml,0
000217.xml,1
001109.xml,0
002400.xml,1
004071.xml,0
004717.xml,0
003078.xml,0
002366.xml,0
000571.xml,0
000565.xml,0
004703.xml,1
002372.xml,2
002414.xml,0
004065.xml,0
000203.xml,1
001492.xml,3
000954.xml,1
003285.xml,0
002825.xml,0
004298.xml,0
002831.xml,2
003291.xml,1
001486.xml,0
000940.xml,0
000798.xml,0
000968.xml,0
002819.xml,0
002158.xml,0
003246.xml,1
004529.xml,0
001451.xml,0
000997.xml,0
001337.xml,0
000029.xml,0
003520.xml,0
003534.xml,1
001323.xml,0
001445.xml,0
000983.xml,1
003252.xml,0
000773.xml,0
002164.xml,1
004515.xml,0
004273.xml,0
002602.xml,0
000015.xml,0
000001.xml,0
004267.xml,0
003508.xml,0
002616.xml,0
002170.xml,0
004501.xml,1
000767.xml,0
001479.xml,0
002617.xml,0
003509.xml,0
004266.xml,0
000000.xml,0
001478.xml,0
000766.xml,0
004500.xml,0
002171.xml,1
004514.xml,0
002165.xml,0
000772.xml,1
000014.xml,0
002603.xml,0
004272.xml,0
001322.xml,1
003535.xml,0
003253.xml,0
000982.xml,1
001444.xml,0
000996.xml,0
001450.xml,0
004528.xml,0
003247.xml,0
002159.xml,3
003521.xml,0
000028.xml,0
001336.xml,2
000969.xml,2
002818.xml,0
002830.xml,0
004299.xml,0
000799.xml,0
000941.xml,1
001487.xml,0
003290.xml,0
003284.xml,0
000955.xml,0
001493.xml,0
002824.xml,0
002373.xml,0
004702.xml,0
000564.xml,0
000202.xml,1
004064.xml,0
002415.xml,0
004070.xml,0
002401.xml,3
001108.xml,1
000216.xml,0
000570.xml,0
002367.xml,0
003079.xml,1
004716.xml,0
000558.xml,2
001646.xml,2
003051.xml,1
004058.xml,0
003737.xml,1
002429.xml,0
001120.xml,0
001134.xml,1
003723.xml,1
003045.xml,0
001652.xml,5
001861.xml,11
004919.xml,1
003910.xml,1
003904.xml,5
001875.xml,0
003092.xml,0
004925.xml,0
001685.xml,2
003938.xml,2
001691.xml,0
001849.xml,0
003086.xml,0
004931.xml,0
002398.xml,1
004676.xml,0
003119.xml,0
002207.xml,1
000410.xml,0
000376.xml,0
001068.xml,0
002561.xml,0
004110.xml,0
002575.xml,0
004104.xml,0
000362.xml,1
000404.xml,0
004662.xml,4
002213.xml,0
001732.xml,5
003125.xml,0
004892.xml,0
003643.xml,1
001054.xml,0
001040.xml,0
002549.xml,0
003657.xml,0
004138.xml,0
003131.xml,1
004886.xml,0
001726.xml,0
000438.xml,2
001915.xml,0
003864.xml,1
003870.xml,1
004879.xml,0
001901.xml,3
004851.xml,0
004689.xml,0
001929.xml,2
001097.xml,2
000389.xml,0
003680.xml,0
003858.xml,0
003694.xml,1
001083.xml,0
004845.xml,0
004312.xml,0
002763.xml,0
000174.xml,0
000612.xml,0
002005.xml,0
004474.xml,0
002011.xml,2
004460.xml,1
000606.xml,0
001518.xml,4
000160.xml,0
004306.xml,0
003469.xml,0
002777.xml,0
001256.xml,0
000148.xml,0
002987.xml,0
003441.xml,0
002039.xml,0
003327.xml,0
004448.xml,0
001530.xml,0
001524.xml,0
003333.xml,1
002993.xml,0
003455.xml,1
001242.xml,5
002978.xml,0
000809.xml,0
002944.xml,0
003482.xml,2
001295.xml,0
000835.xml,0
000821.xml,2
001281.xml,0
002788.xml,1
002950.xml,0
003496.xml,0
004489.xml,1
000837.xml,0
001297.xml,0
000189.xml,0
003480.xml,1
002946.xml,0
003494.xml,0
002952.xml,0
001283.xml,0
000823.xml,0
001532.xml,0
003325.xml,0
003443.xml,0
002985.xml,0
001254.xml,0
001240.xml,0
002749.xml,0
003457.xml,0
002991.xml,2
004338.xml,0
003331.xml,0
001526.xml,0
000638.xml,1
004476.xml,0
003319.xml,0
002007.xml,0
000610.xml,1
000176.xml,0
001268.xml,0
002761.xml,2
004310.xml,0
002775.xml,0
004304.xml,0
000162.xml,1
000604.xml,0
004462.xml,0
002013.xml,0
003682.xml,2
001095.xml,0
004853.xml,1
004847.xml,0
001081.xml,2
002588.xml,0
003696.xml,5
003866.xml,2
001917.xml,3
001903.xml,1
003872.xml,1
001056.xml,1
000348.xml,1
003641.xml,4
003899.xml,0
004890.xml,1
002239.xml,0
003127.xml,0
004648.xml,0
001730.xml,2
001724.xml,0
004884.xml,0
003133.xml,0
003655.xml,0
001042.xml,0
004112.xml,0
002563.xml,1
000374.xml,0
000412.xml,0
002205.xml,0
004674.xml,0
002211.xml,0
004660.xml,0
000406.xml,0
001718.xml,0
000360.xml,1
004106.xml,0
003669.xml,0
002577.xml,0
004099.xml,0
000599.xml,0
001687.xml,0
004927.xml,0
003090.xml,0
004933.xml,0
003084.xml,0
001693.xml,5
003912.xml,1
001863.xml,0
001877.xml,0
003906.xml,0
001122.xml,3
003735.xml,0
003053.xml,0
001644.xml,0
001650.xml,0
001888.xml,0
004728.xml,1
003047.xml,0
002359.xml,0
003721.xml,0
000228.xml,0
001136.xml,3
002417.xml,0
003709.xml,2
004066.xml,0
000200.xml,2
001678.xml,1
000566.xml,0
004700.xml,2
002371.xml,1
004714.xml,0
002365.xml,0
000572.xml,1
000214.xml,0
002403.xml,0
004072.xml,0
003292.xml,0
001485.xml,0
000943.xml,0
002832.xml,0
002826.xml,0
001491.xml,0
000957.xml,0
003286.xml,0
002198.xml,0
000758.xml,0
001446.xml,0
000980.xml,0
003251.xml,1
004258.xml,0
003537.xml,2
002629.xml,0
001320.xml,0
001334.xml,0
003523.xml,0
003245.xml,0
001452.xml,2
000994.xml,0
002173.xml,0
004502.xml,0
000764.xml,0
000002.xml,0
004264.xml,0
002615.xml,0
004270.xml,0
002601.xml,1
001308.xml,0
000016.xml,0
000770.xml,0
002167.xml,0
003279.xml,2
004516.xml,1
000017.xml,0
001309.xml,0
002600.xml,0
004271.xml,0
004517.xml,0
003278.xml,0
002166.xml,0
000771.xml,3
000765.xml,0
004503.xml,0
002172.xml,0
002614.xml,0
004265.xml,0
000003.xml,0
003522.xml,1
001335.xml,0
000995.xml,0
001453.xml,0
003244.xml,0
003250.xml,0
000981.xml,3
001447.xml,1
000759.xml,2
001321.xml,9
002628.xml,0
003536.xml,0
004259.xml,0
002827.xml,0
002199.xml,0
003287.xml,0
000956.xml,2
001490.xml,0
000942.xml,0
001484.xml,1
003293.xml,0
002833.xml,1
000573.xml,0
002364.xml,0
004715.xml,0
004073.xml,0
002402.xml,0
000215.xml,0
000201.xml,2
004067.xml,0
003708.xml,1
002416.xml,0
002370.xml,0
004701.xml,0
000567.xml,0
001679.xml,2
002358.xml,0
003046.xml,1
004729.xml,0
001889.xml,8
001651.xml,2
001137.xml,0
000229.xml,0
003720.xml,0
003734.xml,1
001123.xml,1
001645.xml,0
003052.xml,0
001876.xml,0
003907.xml,1
003913.xml,2
001862.xml,0
001692.xml,8
003085.xml,0
004932.xml,0
004098.xml,0
003091.xml,1
004926.xml,0
001686.xml,3
000598.xml,1
001719.xml,1
000407.xml,0
004661.xml,0
002210.xml,4
002576.xml,0
003668.xml,0
004107.xml,0
000361.xml,0
000375.xml,0
002562.xml,5
004113.xml,0
004675.xml,0
002204.xml,0
000413.xml,0
003132.xml,0
004885.xml,0
001725.xml,0
001043.xml,0
003654.xml,0
003898.xml,1
003640.xml,1
000349.xml,0
001057.xml,1
001731.xml,16
004649.xml,0
003126.xml,0
002238.xml,0
004891.xml,1
001902.xml,0
003873.xml,1
003867.xml,1
001916.xml,0
004846.xml,0
003697.xml,1
002589.xml,0
001080.xml,0
001094.xml,0
003683.xml,1
004852.xml,0
000163.xml,0
004305.xml,0
002774.xml,0
002012.xml,1
004463.xml,0
000605.xml,0
000611.xml,2
002006.xml,0
003318.xml,0
004477.xml,0
004311.xml,0
002760.xml,0
001269.xml,2
000177.xml,0
004339.xml,0
002990.xml,0
003456.xml,0
002748.xml,0
001241.xml,0
000639.xml,1
001527.xml,0
003330.xml,1
003324.xml,1
001533.xml,0
001255.xml,0
002984.xml,1
003442.xml,0
001282.xml,3
002953.xml,0
003495.xml,0
000822.xml,1
000836.xml,1
004488.xml,0
002947.xml,0
003481.xml,0
000188.xml,0
001296.xml,0
